1;Antonio;Barton;ututuggip@zov.ag
2;Owen;Cobb;usenan@ikseuma.cm
3;Agnes;Hansen;galepoibo@uri.hu
4;Lura;Padilla;civiw@omasuic.ua
5;Maggie;Manning;lu@ojogep.py
6;Glenn;White;davde@vebo.mq
7;Marvin;Cain;cuvrezce@nak.ms
8;Eliza;Goodwin;lis@cetu.om
9;Caroline;Fisher;nofluri@kehruso.no
10;Winifred;Collins;nursu@hufco.ee
11;Danny;Crawford;tategsac@beptajiw.sm
12;Elva;Hart;ulbidi@latmannur.cc
13;Cole;Wilson;ci@zadamedem.id
14;Minerva;Massey;atli@jisas.mh
15;Caroline;Harvey;wib@haw.cw
16;Tillie;Santos;pu@welek.cz
17;Paul;Fox;kemtuwe@wifmeufi.ls
18;Caleb;Moore;vucomuodu@avove.ug
19;Lottie;Austin;wuvo@haigmat.nr
20;Jesus;Hogan;pij@re.me
21;Don;Rodgers;larimuku@luc.re
22;Lulu;Cunningham;ide@sazi.sh
23;Rose;White;inluggu@bofakum.mk
24;Thomas;Huff;fa@neegife.rs
25;Russell;Welch;muangu@edbiiw.tj
26;Samuel;Hudson;osru@li.pk
27;Mike;Poole;edbaj@pe.sz
28;Harriet;Conner;keate@zekabvus.ng
29;Addie;Walters;biperi@dugaz.vi
30;Andre;McCarthy;nitnavgib@tahunzah.gr
31;Leonard;Leonard;ugo@wevo.fi
32;Ricardo;Sherman;tif@ij.cm
33;James;Johnson;mutvesod@nubu.za
34;Gavin;Baldwin;vov@gilepoj.fk
35;Ivan;Tate;zuwu@litivji.tk
36;Rodney;Lloyd;hed@sarofopi.ao
37;Leon;Sims;vacogaw@lo.ro
38;Winifred;Mills;naok@azebamis.aw
39;Brent;Potter;ba@tirum.sh
40;Ryan;Hodges;nubon@livigso.fm
41;Dominic;Miller;ko@vukgav.bj
42;Joseph;Mendez;jagigetin@gotetsuc.kn
43;Olive;Hammond;cibmeano@bitizmep.yt
44;Hester;Ruiz;vijow@pinazte.kg
45;Johnny;Harper;ihfu@efdozte.za
46;Francis;Crawford;mavmegmuv@zah.dj
47;Lenora;Newman;hicdewi@egairu.al
48;Lena;Wilson;nuh@hibitel.ro
49;Bess;Mullins;wupadel@ja.zm
50;Daniel;Ford;hedcipe@vofpepeh.rw
51;Jean;Lewis;hih@rev.gq
52;Isabelle;Bush;mavvu@sawe.gt
53;Manuel;Newman;tivnatas@jitdo.my
54;Katherine;Fernandez;pi@hikik.bb
55;Mark;Wheeler;ultemip@cocahvih.lr
56;Charles;Sandoval;safor@jihab.cm
57;Warren;Underwood;vowusnib@ishi.bj
58;Nora;Wade;sibwo@soz.ma
59;Eric;Sullivan;mefkejrog@ishakzet.bj
60;Adam;Dean;sibgo@porcit.sa
61;Steven;Hopkins;valalu@edewowzut.bo
62;Cody;Collier;selifa@sida.me
63;Caleb;Garner;de@zov.fm
64;Adele;Lewis;regkira@lucaw.lu
65;Ralph;Hanson;ti@gepdigcal.st
66;Lettie;Barnes;joeg@asemapa.fj
67;Hannah;Nunez;ejukisem@keah.cv
68;Edith;Fisher;vepcurib@pun.ne
69;Bill;Castillo;keino@jil.li
70;Gregory;Sparks;weaba@sasic.dj
71;Dora;Stevenson;ove@sap.eu
72;Jeanette;Webster;bu@uzice.ee
73;Nelle;Simpson;ew@to.ws
74;Eunice;Russell;nare@hufkazo.ai
75;Violet;Thompson;guoc@wakzo.mo
76;Lida;Harris;ke@nujuc.org
77;Nora;Cook;suv@hogukibit.ro
78;Isabel;McGee;liluwo@nar.cv
79;Mittie;Wade;mukwo@rojcenmu.ck
80;Daisy;Hines;leznacbi@ker.bh
81;Lucy;Edwards;nudi@sitoko.pa
82;Virgie;Sutton;luwe@tuj.hk
83;Alma;Vega;topzuda@paife.om
84;Noah;Bennett;wah@lo.ug
85;Mabelle;Tyler;itgice@ekemi.ae
86;Maria;Riley;zeini@co.sx
87;Ollie;Garza;jad@bicovig.st
88;Brett;Ray;desverpu@tor.md
89;Sylvia;Horton;oza@kev.kg
90;Nellie;Haynes;loinka@zij.rw
91;Cory;Wheeler;ogela@sojvewki.hk
92;Minnie;Ortega;resih@teewebiw.gb
93;Nathan;Joseph;irukemku@samadvu.re
94;Sara;Brooks;bomel@olus.kh
95;Lucinda;Klein;iv@wozvoko.pl
96;Clayton;Floyd;ridimbe@muvinocon.aq
97;Ricardo;Taylor;piloze@kirguk.mh
98;Harold;Kelly;ki@kanu.nz
99;Margaret;Rodgers;gesletsed@kekowu.bi
100;May;Reid;raz@lermercic.tk
